label,iters,tot_time,avg_time
C-BC-FW,10002,77314.97132189201,7.729951141960808
F-BC-BPFW,10002,83648.878108715,8.363215167837932
