label,iters,tot_time,avg_time
C-BC-FW,10002,17508.331957186,1.7504830990987803
F-BC-BPFW,666,80.575603868,0.12098439019219219
