label,iters,tot_time,avg_time
C-BC-FW,21,0.032544339000000005,0.0015497304285714288
F-BC-BPFW,22,0.023251779999999996,0.0010568990909090908
AP,88,16.773024165000002,0.19060254732954549
