label,iters,tot_time,avg_time
C-BC-FW,10002,1546.8756914440005,0.1546566378168367
F-BC-BPFW,10002,1309.5726779799998,0.13093108158168365
AP,144,735.9183759580001,5.110544277486111
