label,iters,tot_time,avg_time
C-BC-FW,10002,63213.285462331,6.320064533326435
F-BC-BPFW,731,336.93948668699994,0.4609295303515731
