label,iters,tot_time,avg_time
C-BC-FW,10002,78926.483704688,7.891070156437513
F-BC-BPFW,10002,39298.11678601701,3.9290258734270154
