label,iters,tot_time,avg_time
C-BC-FW,10002,96579.13968147004,9.655982771592686
F-BC-BPFW,303,88.75469972600001,0.29291980107590765
AP,1149,1.0159371447242051e7,8841.924671228939
