label,iters,tot_time,avg_time
C-BC-FW,5,0.002759432,0.0005518864
F-BC-BPFW,3,0.033525631,0.011175210333333333
AP,92,3.0545613280000006,0.033201753565217394
