label,iters,tot_time,avg_time
C-BC-FW,10002,2151.794990673,0.21513647177294543
F-BC-BPFW,102,0.18052366100000003,0.0017698398137254905
AP,118,27.883573689000006,0.23630147194067802
