label,iters,tot_time,avg_time
C-BC-FW,10002,440980.90699626505,44.089272845057494
C-BC-BPFW,10002,465074.902893872,46.49819065125695
F-BC-BPFW,10002,385376.1610773189,38.52991012570675
