label,iters,tot_time,avg_time
C-BC-FW,10002,1794.342738727,0.17939839419386125
F-BC-BPFW,147,0.40080533099999993,0.00272656687755102
AP,114,324.4066345109999,2.8456722325526305
