label,iters,tot_time,avg_time
C-BC-FW,10002,1.356671753651536e6,135.64004735568247
F-BC-BPFW,1581,34278.58026345303,21.681581444309316
