label,iters,tot_time,avg_time
C-BC-FW,10002,54196.83772694301,5.4186000526837645
F-BC-BPFW,217,24.87139962799999,0.11461474482949303
AP,276,24141.313701416006,87.46852790368118
