label,iters,tot_time,avg_time
C-BC-FW,10002,30753.274275147003,3.0747124850176966
F-BC-BPFW,154,6.798483834000001,0.04414599892207793
AP,340,19430.730932196013,57.14920862410592
