label,iters,tot_time,avg_time
C-BC-FW,10002,1641.038806608,0.1640710664475105
F-BC-BPFW,10002,1449.997005445,0.14497070640321935
AP,226,486.50632459200006,2.152682852176991
