label,iters,tot_time,avg_time
C-BC-FW,10002,1287.985296409,0.12877277508588283
F-BC-BPFW,10002,1233.9569237380001,0.12337101817016598
