label,iters,tot_time,avg_time
C-BC-FW,3,0.001238051,0.00041268366666666665
F-BC-BPFW,3,0.001190961,0.00039698699999999996
AP,123,2.6829897139999996,0.021812924504065037
