label,iters,tot_time,avg_time
C-BC-FW,10002,1.414229695118898e6,141.39469057377505
F-BC-BPFW,10002,1.3738839835895621e6,137.36092617372148
