label,iters,tot_time,avg_time
C-BC-FW,20,0.06699906099999998,0.003349953049999999
C-BC-BPFW,20,0.096122668,0.0048061334
F-BC-BPFW,26,0.205544413,0.007905554346153847
