label,iters,tot_time,avg_time
C-BC-FW,10002,1496.8134695960002,0.14965141667626478
F-BC-BPFW,147,0.3739946680000001,0.002544181414965987
AP,114,273.575456875,2.3997847094298246
