label,iters,tot_time,avg_time
C-BC-FW,10002,198314.338931545,19.827468399474604
C-BC-BPFW,10002,212548.674996396,21.250617376164367
F-BC-BPFW,10002,193966.79987149395,19.392801426864022
