label,iters,tot_time,avg_time
C-BC-FW,10002,2648.82642583,0.2648296766476705
F-BC-BPFW,102,4.078540779,0.03998569391176471
AP,118,43.82214915399999,0.37137414537288127
