label,iters,tot_time,avg_time
C-BC-FW,10002,63044.808466073984,6.303220202566885
C-BC-BPFW,298,57.199492915,0.19194460709731545
F-BC-BPFW,303,63.63150501299999,0.21000496703960392
