label,iters,tot_time,avg_time
C-BC-FW,10002,1405.970786504,0.1405689648574285
F-BC-BPFW,193,0.60911008,0.0031560107772020726
