label,iters,tot_time,avg_time
C-BC-FW,1002,40.420998591000014,0.040340317955089834
F-BC-BPFW,85,3.574598403,0.04205409885882353
F-BC-AFW,180,20.31613289300001,0.11286740496111117
