label,iters,tot_time,avg_time
C-BC-FW,1002,32.383210232,0.03231857308582835
F-BC-BPFW,219,9.369531697000006,0.042783249757990895
F-BC-AFW,1002,117.76171038600005,0.11752665707185633
