label,iters,tot_time,avg_time
C-BC-FW,10002,15838.005677938003,1.5834838710195964
F-BC-BPFW,10002,16939.484090340997,1.6936096870966804
