label,iters,tot_time,avg_time
C-BC-FW,10002,61489.536821904,6.147724137362927
F-BC-BPFW,10002,67021.15486886,6.700775331819636
