label,iters,tot_time,avg_time
C-BC-FW,10002,62389.019955228985,6.237654464629973
F-BC-BPFW,731,325.9647755389997,0.4459162456073867
