label,iters,tot_time,avg_time
C-BC-FW,3,0.28335942199999997,0.09445314066666666
C-BC-BPFW,3,0.270042336,0.090014112
F-BC-BPFW,3,0.252343219,0.08411440633333334
