label,iters,tot_time,avg_time
C-BC-FW,10002,44096.903004998,4.408808538792042
F-BC-BPFW,10002,42863.401179951004,4.285483021390823
AP,608,109118.259609711,179.47082172649837
