label,iters,tot_time,avg_time
C-BC-FW,10002,219060.89424027308,21.901709082210864
C-BC-BPFW,10002,206755.283465196,20.67139406770606
F-BC-BPFW,10002,194360.409699098,19.432154539002
