label,iters,tot_time,avg_time
C-BC-FW,10002,13918.57916413,1.3915796004929015
F-BC-BPFW,272,13.557405275,0.04984340174632353
AP,559,104884.93433138597,187.62957841035058
