label,iters,tot_time,avg_time
C-BC-FW,21,0.311541167,0.014835293666666667
C-BC-BPFW,21,0.299208964,0.014248045904761905
F-BC-BPFW,21,0.369093701,0.017575890523809524
