label,iters,tot_time,avg_time
C-BC-FW,10002,28237.107944070995,2.8231461651740646
F-BC-BPFW,272,24.57073608,0.09033358852941176
AP,559,190226.336230617,340.2975603409964
