label,iters,tot_time,avg_time
C-BC-FW,20,0.146943716,0.0073471858
F-BC-BPFW,26,0.249837569,0.00960913726923077
AP,73,56.13434901800001,0.7689636851780823
