label,iters,tot_time,avg_time
C-BC-FW,10002,203354.71358638,20.331405077622478
C-BC-BPFW,10002,204013.26046643502,20.397246597324038
F-BC-BPFW,10002,194402.947068509,19.43640742536583
