label,iters,tot_time,avg_time
C-BC-FW,10002,28027.651238205995,2.802204682884023
F-BC-BPFW,10002,30914.007149080007,3.0907825583963215
AP,825,161338.54653965906,195.56187459352614
