label,iters,tot_time,avg_time
C-BC-FW,3,0.00539592,0.00179864
F-BC-BPFW,3,0.004805304,0.001601768
AP,98,88.851532256,0.9066482883265305
