label,iters,tot_time,avg_time
C-BC-FW,10002,2171.687263921999,0.21712530133193353
F-BC-BPFW,10002,1677.1215521239992,0.1676786194885022
AP,306,786.2372714280004,2.569402847803923
