label,iters,tot_time,avg_time
C-BC-FW,5,0.015150251,0.0030300502
F-BC-BPFW,3,0.003920618,0.0013068726666666667
AP,108,45.128839907000014,0.4178596287685186
