label,iters,tot_time,avg_time
C-BC-FW,10002,46185.104184262,4.617586901045991
F-BC-BPFW,217,20.622624773,0.09503513720276496
AP,276,16537.71387773399,59.91925318019562
