label,iters,tot_time,avg_time
C-BC-FW,10002,18027.777017686007,1.8024172183249356
F-BC-BPFW,10002,19688.686709133995,1.9684749759182159
AP,598,178760.72185373306,298.9309729995536
