label,iters,tot_time,avg_time
C-BC-FW,10002,1335.899859994,0.13356327334473106
F-BC-BPFW,143,0.28952084700000014,0.0020246213076923086
AP,173,696.3245906349999,4.024997633728323
