label,iters,tot_time,avg_time
C-BC-FW,10002,29860.459917294003,2.9854489019490105
F-BC-BPFW,154,7.851324339000001,0.05098262557792209
AP,340,18533.09178876299,54.509093496361736
