label,iters,tot_time,avg_time
C-BC-FW,10002,1357.7371651539997,0.13574656720195957
F-BC-BPFW,143,0.26685618,0.0018661271328671329
AP,173,688.8260555310002,3.981653500179192
