label,iters,tot_time,avg_time
C-BC-FW,10002,69724.36675456,6.971042466962608
C-BC-BPFW,298,66.36037832399997,0.2226858333020133
F-BC-BPFW,303,68.21673383400001,0.2251377354257426
