label,iters,tot_time,avg_time
C-BC-FW,10002,433661.25532808097,43.357454041999695
C-BC-BPFW,10002,448550.00148429396,44.84603094224095
F-BC-BPFW,10002,409023.176429059,40.894138815142874
