label,iters,tot_time,avg_time
C-BC-FW,10002,74368.389658646,7.435351895485503
F-BC-BPFW,10002,80984.148812599,8.09679552215547
AP,1109,6.714210709485395e6,6054.292794847065
