label,iters,tot_time,avg_time
C-BC-FW,10002,61154.75529814599,6.114252679278743
F-BC-BPFW,10002,66207.36611063301,6.619412728517598
