label,iters,tot_time,avg_time
C-BC-FW,10002,1.3781269680372076e6,137.7851397757656
F-BC-BPFW,10002,1.428413878370655e6,142.8128252720111
