label,iters,tot_time,avg_time
C-BC-FW,10002,22413.037336334997,2.2408555625209954
F-BC-BPFW,10002,22983.516122696004,2.2978920338628277
