label,iters,tot_time,avg_time
C-BC-FW,10002,31076.22452489,3.107001052278544
F-BC-BPFW,666,142.895751016,0.2145581847087087
