label,iters,tot_time,avg_time
C-BC-FW,10002,1.4217885695237746e6,142.15042686700406
F-BC-BPFW,1581,35141.023614269994,22.22708641003795
