label,iters,tot_time,avg_time
C-BC-FW,5002,2.4629388589814864e6,492.39081547010926
F-FW,5002,2.4794195915288636e6,495.68564404815345
F-AFW,5001,2.445644405817205e6,489.0310749484513
