label,iters,tot_time,avg_time
C-BC-FW,5002,2.534164929155143e6,506.6303336975496
F-FW,5002,2.760509393039434e6,551.8811261574239
F-AFW,5001,2.7828440569345066e6,556.4575198829248
