label,iters,tot_time,avg_time
C-BC-FW,4,0.327532862,0.0818832155
C-BC-BPFW,4,0.303870414,0.0759676035
F-BC-BPFW,3,0.17402162100000002,0.058007207000000005
