label,iters,tot_time,avg_time
C-BC-FW,5,1.9303565139999999,0.38607130279999996
C-BC-BPFW,5,3.7439925179999998,0.7487985036
F-BC-BPFW,7,3.501622508,0.5002317868571429
