label,iters,tot_time,avg_time
C-BC-FW,10002,22069.32647237799,2.2064913489680054
F-BC-BPCG,261,29.323606166000012,0.11235098147892725
AP,535,179049.9615083751,334.67282524929925
