label,iters,tot_time,avg_time
C-BC-FW,10002,17753.678968084005,1.7750128942295547
F-BC-BPCG,10002,19046.69470440901,1.9042886127183571
AP,759,272113.710396192,358.5160874785138
