label,iters,tot_time,avg_time
C-BC-FW,5002,3.249690034222369e6,649.6781355902377
F-FW,5002,3.232610882365104e6,646.2636710046189
F-AFW,5001,2.402913627558708e6,480.48662818610444
